pattern;domain;group;subgroup;how_to_identify;when_to_use;interview_priority;loaded_to_db_at;cnt tasks;cnt_bank;in_tree
pivot_unpivot;sql;Data Handling;Data Reshaping;"Нужно развернуть данные по значениям признака; сделать сводную таблицу; превратить строки в колонки или наоборот.";Когда требуется преобразовать строки в столбцы или столбцы в строки.;4;2026-07-16 00:00:00;12;4;YES
date_functions;sql;Data Handling;Dates;"Работа с календарными датами; вычисление разницы между датами; группировка по дням, неделям, месяцам; извлечение части даты.";Когда нужно работать с датами: группировка по периодам, вычисление интервалов, округление дат, извлечение частей даты.;5;2026-07-16 00:00:00;22;3;YES
union_union_all;sql;Data Handling;Set Operations;"Нужно ""сложить"" результаты нескольких выборок в одну таблицу; объединить данные из разных источников; сохранить все строки, включая дубликаты.";Когда необходимо объединить результаты нескольких запросов без удаления одинаковых строк.;4;2026-07-16 00:00:00;7;4;YES
regex;sql;Data Handling;Strings;"Поиск текста по шаблону; проверка формата строки; извлечение данных по маске.";Когда требуется искать, проверять или извлекать текст по шаблону с использованием регулярных выражений.;2;2026-07-16 00:00:00;20;6;YES
basic_string_functions;sql;Data Handling;Strings;LIKE, ILIKE, %, _, поиск по префиксу, суффиксу или части строки.;Когда требуется отобрать строки по текстовому шаблону без использования регулярных выражений.;4;2026-07-16 00:00:00;1;3;YES
string_concat;sql;Data Handling;Strings;"Объединение нескольких текстовых полей; формирование полного имени; составление строки из нескольких частей.";Когда необходимо объединить несколько строк или сформировать текстовое значение.;3;2026-07-16 00:00:00;1;3;YES
string_cleanup;sql;Data Handling;Strings;"Удаление лишних пробелов; замена символов; нормализация текста; приведение к единому формату.";Когда требуется очистить текст перед анализом.;3;2026-07-16 00:00:00;4;4;YES
string_parsing;sql;Data Handling;Strings;"Разделение строки по разделителю; извлечение части текста; получение отдельных элементов строки.";Когда необходимо извлечь отдельные части строки.;4;2026-07-16 00:00:00;2;5;YES
deduplication;sql;Data Modeling;Data Quality;"В условии говорится о поиске дублей, повторяющихся строк, необходимости оставить одну запись для каждого объекта, выбрать ""правильную"" запись среди дублей или удалить лишние записи. Обычно используются ROW_NUMBER(), PARTITION BY, агрегирование или DELETE через CTE.";Когда необходимо обнаружить, проанализировать или удалить дублирующиеся записи, оставив по одному экземпляру для каждого объекта.;5;2026-07-16 00:00:00;4;3;YES
grain_analysis;sql;Data Modeling;Grain & Relationships;"Одна строка соответствует одному объекту; определение гранулярности; анализ уровня детализации.";Когда нужно определить уровень детализации данных.;5;2026-07-16 00:00:00;11;3;YES
dimensional_modeling;sql;Data Modeling;Grain & Relationships;"Таблица фактов и измерений; аналитическая модель; проектирование структуры данных.";Когда требуется построить или понять аналитическую модель данных.;4;2026-07-16 00:00:00;2;3;YES
retention;sql;Product Analytics;User Lifecycle;В условии есть когорты, повторные визиты, D1/D7/D30 retention, возвращение пользователей через некоторое время.;Когда необходимо измерить удержание пользователей между периодами или когортами.;5;2026-07-16 00:00:00;31;4;YES
churn;sql;Product Analytics;User Lifecycle;"Нужно найти пользователей, которые перестали совершать действия; определить отток; вычислить churn rate или список ушедших пользователей.";Когда требуется определить пользователей, переставших пользоваться продуктом или ушедших за определённый период.;5;2026-07-16 00:00:00;2;3;YES
aggregation;sql;SQL Core;Aggregation;Посчитать сумму, среднее, количество, минимум, максимум по группам.;Когда требуется агрегировать данные по группам.;5;2026-07-16 00:00:00;43;10;YES
conditional_aggregation;sql;SQL Core;Aggregation;"Посчитать только активных пользователей; условие внутри SUM/COUNT.";Когда агрегаты считаются только для части строк.;5;2026-07-16 00:00:00;34;7;YES
weighted_average;sql;SQL Core;Aggregation;"Средневзвешенное; количество; вес;";Когда среднее должно учитывать вес наблюдений.;5;2026-07-16 00:00:00;1;3;YES
having;sql;SQL Core;Aggregation;"Нужно оставить только те группы, которые удовлетворяют условию по агрегатам: ""клиенты с более чем 5 заказами"", ""категории с суммой продаж больше 10000"".";Когда необходимо фильтровать результаты после агрегирования (GROUP BY).;5;2026-07-16 00:00:00;14;4;YES
simple_filtering;sql;SQL Core;Basics;Нужно отфильтровать данные по одному или нескольким условиям (WHERE), выбрать нужные записи.;Когда нужно выбрать строки по заданным условиям.;5;2026-07-16 00:00:00;1;3;YES
sql_reading;sql;SQL Core;Basics;"В условии уже дан SQL-код; нужно объяснить, что он делает, найти ошибку или определить результат выполнения.";Когда задача требует понять существующий SQL-запрос, найти ошибку или объяснить результат.;4;2026-07-16 00:00:00;22;3;YES
pattern_recognition;sql;SQL Core;Basics;"В условии не спрашивают конкретную функцию; нужно самостоятельно понять, какой паттерн использовать.";Когда главная задача — определить, какой SQL-подход подходит для решения.;5;2026-07-16 00:00:00;2;3;YES
anti_join;sql;SQL Core;Joins;"""Не совершали"", ""не имеют"", ""отсутствуют записи"", ""без заказов"".";Когда нужно найти записи, для которых нет соответствий в другой таблице.;5;2026-07-16 00:00:00;20;4;YES
as_of_join;sql;SQL Core;Joins;"""Актуальная запись на момент"", ""последняя цена до даты"", ""состояние на дату"".";Когда запись нужно сопоставить с последним известным состоянием на определённую дату.;4;2026-07-16 00:00:00;12;3;YES
cross_join;sql;SQL Core;Joins;"Все комбинации; декартово произведение; календарь × пользователи.";Когда требуется получить все возможные комбинации строк двух таблиц.;3;2026-07-16 00:00:00;1;3;YES
relational_division;sql;SQL Core;Joins;"""Купили все товары"", ""посетили все курсы"", ""имеют все категории"".";Когда нужно найти объекты, удовлетворяющие всем условиям из набора.;3;2026-07-16 00:00:00;1;4;YES
join;sql;SQL Core;Joins;"Требуется объединить две или более таблицы для получения итогового набора данных; отсутствуют признаки Anti JOIN, AS OF JOIN, SELF JOIN, CROSS JOIN или Relational Division.";Когда главная задача состоит в объединении данных из нескольких таблиц по связанным ключам без использования специализированных паттернов JOIN.;5;2026-07-16 00:00:00;10;6;YES
self_join;sql;SQL Core;Joins;"Таблица соединяется сама с собой; поиск руководителей; предыдущих событий; иерархий.";Когда таблицу необходимо соединить саму с собой.;4;2026-07-16 00:00:00;9;6;YES
null_vs_empty_result;sql;SQL Core;NULL Handling;"Используются COALESCE, NULLIF, CASE, агрегаты, подзапросы; требуется различить NULL, пустой результат или заменить отсутствующее значение.";Когда необходимо корректно обработать отсутствие значения или отсутствие результата запроса.;4;2026-07-16 00:00:00;2;3;YES
exists;sql;SQL Core;Subqueries / CTE;"В условии есть «существует», «есть хотя бы одна запись», «есть связанные данные», «найти клиентов, у которых есть заказы»; используется EXISTS или NOT EXISTS.";Когда необходимо проверить существование связанных записей без использования обычного JOIN.;5;2026-07-16 00:00:00;13;4;YES
recursive_cte;sql;SQL Core;Subqueries / CTE;"Иерархии сотрудников, деревья категорий, графы, цепочки родителей/потомков; заранее неизвестно количество уровней вложенности; используется WITH RECURSIVE.";Когда необходимо обойти иерархическую структуру произвольной глубины с помощью рекурсивного CTE.;3;2026-07-16 00:00:00;12;3;YES
any_all;sql;SQL Core;Subqueries / CTE;"В условии требуется сравнить значение со всеми или хотя бы одним значением из результата подзапроса; используются конструкции = ANY, > ANY, < ALL, >= ALL и аналогичные.";Когда необходимо сравнить значение с результатом подзапроса, содержащего несколько строк, используя операторы ANY или ALL.;2;2026-07-16 00:00:00;2;3;YES
rolling_window;sql;SQL Core;Time Series;В условии есть «последние N дней», «скользящее среднее», «rolling average», «moving window», окно по диапазону дат или строк с использованием OVER(ORDER BY ...).;Когда требуется вычислить показатель по скользящему временному окну с использованием оконных функций.;5;2026-07-16 00:00:00;12;4;YES
rolling_self_join;sql;SQL Core;Time Series;"Требуется сравнить записи в диапазоне дат через соединение таблицы самой с собой; оконные функции использовать нельзя или нецелесообразно.";Когда задача на скользящее окно решается через SELF JOIN вместо оконных функций.;3;2026-07-16 00:00:00;3;3;YES
rolling_generate_series;sql;SQL Core;Time Series;"В данных отсутствуют даты; требуется generate_series, календарь или заполнение временной оси перед расчётами.";Когда необходимо сначала построить непрерывную временную шкалу, а затем выполнить расчёты по скользящему окну.;4;2026-07-16 00:00:00;2;3;YES
percentile_functions;sql;SQL Core;Window Functions;"Требуется найти медиану, квартиль, перцентиль, процентный ранг или накопленную долю наблюдений; используются функции PERCENTILE_CONT, PERCENTILE_DISC, PERCENT_RANK или CUME_DIST.";Когда необходимо определить положение значения в распределении или вычислить перцентиль с помощью функций распределения.;4;2026-07-16 00:00:00;7;4;YES
window_functions;sql;SQL Core;Window Functions;В условии требуется посчитать агрегат по окну, сохранив все строки результата: долю от общего, среднее по группе, максимум/минимум по окну, количество записей в окне, агрегаты OVER(PARTITION BY ...), но без LAG/LEAD, RANK, ROW_NUMBER, NTILE и других специализированных оконных функций.;Когда необходимо использовать агрегатные оконные функции (SUM, AVG, COUNT, MIN, MAX OVER), не относящиеся к специализированным паттернам ранжирования, смещения, процентилей, running totals или поиску событий.;5;2026-07-16 00:00:00;7;4;YES
rank_dense_rank;sql;SQL Core;Window Functions;"Нужно определить первое, второе, третье место; построить рейтинг; найти топ записей; пронумеровать строки.";Когда необходимо определить место объекта в ранжировании или выбрать запись с определенным рангом.;5;2026-07-16 00:00:00;15;5;YES
lag_lead;sql;SQL Core;Window Functions;"""Предыдущий"", ""следующий"", ""изменение относительно прошлого"", ""по сравнению с предыдущим"".";Когда требуется сравнить текущую запись с предыдущей или следующей.;5;2026-07-16 00:00:00;11;3;YES
topn_per_group;sql;SQL Core;Window Functions;"""Топ-3 в каждой категории"", ""самые дорогие товары по магазину"", ""первые N записей"".";Когда необходимо выбрать несколько лучших или худших записей в каждой группе.;5;2026-07-16 00:00:00;10;3;YES
forward_fill;sql;SQL Core;Window Functions;"""Заполнить пропуски"", ""перенести последнее известное значение"", ""восстановить значения"".";Когда необходимо заполнить пропущенные значения последним известным значением.;3;2026-07-16 00:00:00;13;6;YES
gaps_islands;sql;SQL Core;Window Functions;"Серии подряд; непрерывные даты; периоды активности; поиск разрывов.";Когда необходимо найти непрерывные последовательности или разрывы в данных.;5;2026-07-16 00:00:00;14;6;YES
ntile;sql;SQL Core;Window Functions;"В условии требуется разделить строки на N групп, квинтили, квартили, децили, корзины или сегменты; используется функция NTILE(n).";Когда необходимо разбить строки на заданное число примерно равных по размеру групп (корзин, квантилей, сегментов).;;2026-07-16 00:00:00;2;3;YES
row_number;sql;SQL Core;Window Functions;В условии есть слова «пронумеровать», «первый», «последний», «второй заказ», «последняя запись», «выбрать одну строку из каждой группы», «ROW_NUMBER()».;Когда нужно пронумеровать строки внутри группы или выбрать одну строку (первую/последнюю/N-ю).;;2026-07-16 00:00:00;17;4;YES
running_aggregates;sql;SQL Core;Window Functions;"Требуется нарастающий итог, накопительное среднее, накопительное количество, накопительный баланс или другой running-показатель; используется агрегатная функция OVER(ORDER BY ...).";Когда необходимо вычислить накопительное значение по упорядоченным данным с помощью агрегатной оконной функции.;;2026-07-16 00:00:00;13;5;YES
aggregation_concepts;sql;SQL Theory;Aggregation;GROUP BY, HAVING, WHERE vs HAVING, WHERE vs FILTER, COUNT(*) vs COUNT(column), COUNT(CASE...) vs SUM(CASE...), агрегатные функции без GROUP BY.;Когда необходимо объяснить принципы работы агрегирования и различия между агрегатными конструкциями.;5;2026-07-16 00:00:00;10;3;YES
constraints;sql;SQL Theory;Basics;PRIMARY KEY, FOREIGN KEY, UNIQUE, CHECK, NOT NULL, ссылочная целостность, CASCADE, NULL во внешнем ключе, ограничения таблиц.;Когда необходимо объяснить назначение ограничений базы данных и правила обеспечения целостности данных.;5;2026-07-16 00:00:00;13;3;YES
sql_commands;sql;SQL Theory;Basics;"DDL, DML, DCL, TCL; CREATE, ALTER, DROP, DELETE, TRUNCATE, INSERT, UPDATE, GRANT, COMMIT и т.п.";Когда требуется определить тип SQL-команды или объяснить её назначение.;4;2026-07-16 00:00:00;7;3;YES
cardinality;sql;SQL Theory;Data Modeling;"Один ко многим; многие ко многим; анализ связей между таблицами.";Когда требуется определить тип связи между таблицами.;5;2026-07-16 00:00:00;2;3;YES
table_relationships;sql;SQL Theory;Data Modeling;Один-к-одному, один-ко-многим, многие-ко-многим, таблицы-связки, проектирование связей.;Когда необходимо объяснить связи между таблицами и принципы построения реляционной модели.;4;2026-07-16 00:00:00;2;3;YES
dbms_architecture;sql;SQL Theory;DBMS;PostgreSQL vs MySQL, архитектура PostgreSQL, MVCC, особенности хранения данных, внутреннее устройство СУБД.;Когда необходимо объяснить особенности СУБД или сравнить различные системы управления базами данных.;3;2026-07-16 00:00:00;2;3;YES
join_concepts;sql;SQL Theory;Joins;Вопросы «почему JOIN дал больше строк», «когда использовать LEFT или INNER JOIN», «что такое кардинальность», «почему DISTINCT после JOIN может скрывать ошибку», «как избежать дубликатов после JOIN».;Когда необходимо объяснить принципы работы JOIN, причины появления дубликатов или потери строк, влияние кардинальности и использования DISTINCT после JOIN.;;2026-07-16 00:00:00;10;3;YES
null_handling;sql;SQL Theory;NULL Handling;NULL, IS NULL, COALESCE, NULLIF, COUNT(column), трехзначная логика, обработка пропусков.;Когда вопросы касаются логики работы NULL и способов его обработки.;5;2026-07-16 00:00:00;8;4;YES
indexes;sql;SQL Theory;Performance;Индексы, B-tree, EXPLAIN, Seq Scan, Index Scan, автоматическое создание индексов, оптимизация поиска.;Когда необходимо объяснить назначение индексов и их влияние на производительность запросов.;5;2026-07-16 00:00:00;3;3;YES
window_function_concepts;sql;SQL Theory;Window Functions;"Вопросы ""чем отличается LAG от LEAD"", ""ROW_NUMBER vs RANK"", ""PARTITION BY vs GROUP BY"", ""что делает OVER()"", ""какую оконную функцию выбрать"".";Когда необходимо объяснить принципы работы оконных функций и различия между ними без написания запроса.;4;2026-07-16 00:00:00;8;3;YES
one_sample_test_selection;statistics;Parametric Analysis;One Sample Tests;"В задаче одна выборка; нужно решить между one-sample t, z-тестом, χ² для дисперсии и т.п.";Когда необходимо выбрать параметрический критерий для одной выборки.;;2026-07-16 00:00:00;38;3;YES
paired_categorical_selection;statistics;Categorical Analysis;Paired Categorical;Нужно определить, использовать McNemar или Cochran's Q.;Когда необходимо выбрать критерий для связанных категориальных данных.;;2026-07-16 00:00:00;29;3;YES
interval_estimation;statistics;Estimation;Confidence Intervals;Нужно построить или рассчитать доверительный интервал.;Когда требуется оценить параметр с помощью доверительного интервала.;5;2026-07-16 00:00:00;23;4;YES
two_independent_test_selection;statistics;Parametric Analysis;Two Independent Samples;Нужно решить, применять t-test или Welch.;Когда необходимо выбрать критерий для двух независимых выборок.;;2026-07-16 00:00:00;22;3;YES
test_selection;statistics;Hypothesis Testing;Test Selection;"«Какой критерий выбрать?»; «Какой тест подходит?»; выбор между параметрическими и непараметрическими методами; выбор между несколькими ветками дерева статистических критериев; комплексные задачи на выбор метода анализа.";Когда необходимо выбрать подходящий статистический критерий среди различных разделов статистики. Задача требует определить тип данных, количество выборок, зависимость выборок, тип переменных, выполнение предпосылок или принадлежность к параметрическим/непараметрическим методам перед выбором конкретного теста.;;2026-07-16 00:00:00;50;4;YES
p_value;statistics;Hypothesis Testing;Foundations;Вопрос про p-value, его сравнение с α или смысл полученного значения.;Когда необходимо вычислить или интерпретировать p-value.;5;2026-07-16 00:00:00;16;5;YES
central_limit_theorem;statistics;Hypothesis Testing;Foundations;"Большая выборка; распределение выборочного среднего; применение нормального приближения.";Когда используется центральная предельная теорема для обоснования статистических выводов.;5;2026-07-16 00:00:00;15;4;YES
critical_region;statistics;Hypothesis Testing;Foundations;В условии есть α, распределение статистики и требуется определить критическую область или критическое значение.;Задачи на определение критических значений, критических областей, односторонних/двусторонних критериев.;;2026-07-16 00:00:00;15;3;YES
type1_type2;statistics;Hypothesis Testing;Decision Making;"Вопросы про ложноположительное или ложноотрицательное решение; ошибки I и II рода.";Когда анализируются ошибки первого и второго рода.;5;2026-07-16 00:00:00;13;4;YES
paired_test_selection;statistics;Parametric Analysis;Paired Samples;"В условии есть измерения ""до/после"", парные наблюдения, повторные измерения одной группы.";Когда необходимо выбрать критерий для двух зависимых выборок.;;2026-07-16 00:00:00;12;3;YES
nonparametric_multiple_independent_selection;statistics;Nonparametric Analysis;Multiple Independent Groups;Нужно определить, применять Kruskal–Wallis.;Когда необходимо выбрать непараметрический критерий для нескольких независимых выборок.;;2026-07-16 00:00:00;12;3;YES
multiple_independent_test_selection;statistics;Parametric Analysis;Multiple Independent Groups;Нужно выбрать между ANOVA и другими параметрическими критериями для нескольких независимых выборок.;Когда необходимо выбрать критерий для сравнения трёх и более независимых групп.;;2026-07-16 00:00:00;11;3;YES
one_sample_t_test;statistics;Parametric Analysis;One Sample Tests;"Одна выборка; сравнение с фиксированным значением; t-критерий для одной выборки.";Когда сравнивается среднее одной выборки с известным или предполагаемым значением.;5;2026-07-16 00:00:00;10;3;YES
normality_assessment;statistics;Assumption Tests;Normality;Нужно решить, требуется ли проверка нормальности, какой тест использовать или что означает результат проверки.;Когда требуется определить необходимость проверки нормальности или интерпретировать её результаты.;5;2026-07-16 00:00:00;9;3;YES
z_test;statistics;Parametric Analysis;One Sample Tests;"Известна σ генеральной совокупности; большая выборка; требуется Z-тест.";Когда сравниваются средние при известной дисперсии генеральной совокупности или очень большой выборке.;4;2026-07-16 00:00:00;9;3;YES
hypothesis_decision;statistics;Hypothesis Testing;Decision Making;"Нужно решить, отвергать H₀ или нет; сделать статистический вывод.";Когда требуется принять решение по результатам проверки гипотезы.;5;2026-07-16 00:00:00;9;3;YES
correlation_test_selection;statistics;Correlation;Correlation Mesuares;Нужно определить, использовать корреляцию Пирсона, Спирмена или Кендалла в зависимости от типа данных, распределения, наличия выбросов и характера связи.;Когда необходимо выбрать подходящий критерий для оценки связи между двумя переменными.;;2026-07-16 00:00:00;9;4;YES
mean_vs_median;statistics;Descriptive Statistics;Central Tendency;"Нужно решить, использовать среднее или медиану; обсуждается влияние выбросов или асимметрии распределения.";Когда необходимо выбрать подходящую меру центральной тенденции.;5;2026-07-16 00:00:00;8;3;YES
variable_types;statistics;Descriptive Statistics;Data Types;"Нужно определить: количественная или категориальная переменная; непрерывная или дискретная; номинальная или порядковая.";Когда необходимо определить тип переменной и выбрать подходящий метод анализа.;5;2026-07-16 00:00:00;8;3;YES
ab_testing_design;statistics;A/B Testing;Experiment Design;"MDE; размер выборки; peeking; early stopping; длительность эксперимента; мощность теста.";Когда необходимо спланировать корректный A/B-тест до его запуска или оценить корректность его проведения.;5;2026-07-16 00:00:00;8;3;YES
chi_square_variance_test;statistics;Parametric Analysis;One Sample Tests;"Проверка дисперсии одной нормально распределённой выборки; известное эталонное значение дисперсии; χ²-статистика.";Когда необходимо проверить гипотезу о значении дисперсии генеральной совокупности по одной нормально распределённой выборке с использованием χ²-критерия.;5;2026-07-16 00:00:00;8;3;YES
variance_assessment;statistics;Assumption Tests;Homogeneity of Variance;Нужно решить, следует ли проверять равенство дисперсий, какой критерий выбрать или как трактовать его результат.;Когда требуется определить необходимость проверки равенства дисперсий или интерпретировать результаты соответствующих критериев.;;2026-07-16 00:00:00;8;3;YES
nonparametric_two_independent_selection;statistics;Nonparametric Analysis;Two Independent Samples;Нужно определить, что следует использовать Mann–Whitney вместо параметрического теста.;Когда необходимо выбрать непараметрический критерий для двух независимых выборок.;;2026-07-16 00:00:00;8;3;YES
nonparametric_multiple_paired_selection;statistics;Nonparametric Analysis;Multiple Paired Groups;Нужно определить, применять Friedman.;Когда необходимо выбрать непараметрический критерий для нескольких зависимых выборок.;;2026-07-16 00:00:00;8;3;YES
sampling_design;statistics;Experimental Design;Sampling;"Вопросы о репрезентативности выборки; способ отбора объектов исследования; дизайн исследования.";Когда необходимо выбрать или оценить способ формирования выборки.;4;2026-07-16 00:00:00;7;3;YES
interval_interpretation;statistics;Estimation;Confidence Intervals;"Вопрос о смысле доверительного интервала; типичные ошибки интерпретации.";Когда необходимо правильно интерпретировать доверительный интервал.;5;2026-07-16 00:00:00;7;3;YES
standard_error;statistics;Estimation;Estimation Concepts;Нужно записать или использовать формулу SE, отличить её от стандартного отклонения.;Задачи на стандартную ошибку среднего или доли.;;2026-07-16 00:00:00;7;3;YES
multiple_testing_correction;statistics;Hypothesis Testing;Advanced Topics;"Поправка Бонферрони; Holm; множественные проверки; FWER; корректировка уровня значимости.";Когда одновременно проверяется несколько гипотез и необходимо контролировать вероятность ошибки первого рода.;5;2026-07-16 00:00:00;7;4;YES
spearman_correlation;statistics;Correlation;Correlation Mesuares;"Ранги; ненормальные данные; порядковая шкала; коэффициент Спирмена.";Когда требуется оценить монотонную связь между переменными без предположения о нормальности.;5;2026-07-16 00:00:00;7;3;YES
chi_square_independence;statistics;Categorical Analysis;Independence Tests;"Таблица сопряжённости; χ² независимости; категориальные признаки; связь между переменными; contingency table.";Когда необходимо проверить, существует ли статистическая зависимость между двумя категориальными признаками.;;2026-07-16 00:00:00;7;3;YES
nonparametric_paired_selection;statistics;Nonparametric Analysis;Paired Samples;Нужно определить, применять Wilcoxon или Sign test.;Когда необходимо выбрать непараметрический критерий для двух зависимых выборок.;;2026-07-16 00:00:00;7;3;YES
parametric_post_hoc_test_selection;statistics;Parametric Analysis;Post-hoc Tests;"После значимой ANOVA; требуется определить, какой post-hoc тест использовать; выбор между Tukey, Scheffé и другими параметрическими post-hoc критериями.";Когда после значимого результата параметрического теста для нескольких групп необходимо выбрать подходящий post-hoc критерий для попарных сравнений.;;2026-07-16 00:00:00;7;3;YES
association_measures;statistics;Categorical Analysis;Association Measures;Коэффициенты Крамера V, Чупрова T, сила связи категориальных признаков.;Когда необходимо оценить силу связи между категориальными признаками после проверки независимости.;4;2026-07-16 00:00:00;6;3;YES
anova;statistics;Parametric Analysis;Multiple Independent Groups;"Нужно сравнить 3 и более группы; проверяется различие средних; один фактор влияет на результат.";Когда необходимо сравнить средние значения более чем в двух независимых группах.;5;2026-07-16 00:00:00;6;4;YES
goodness_of_fit_selection;statistics;Categorical Analysis;Goodness of Fit;Нужно определить, подходит ли χ² goodness-of-fit.;Когда необходимо выбрать критерий согласия.;;2026-07-16 00:00:00;6;3;YES
z_test_two_proportions;statistics;Parametric Analysis;Two Independent Samples;"В условии сравниваются две конверсии, две доли успехов, два процента; две независимые группы; требуется проверить различие между долями.";Когда необходимо сравнить доли в двух независимых выборках.;;2026-07-16 00:00:00;6;3;YES
sample_size_estimation;statistics;Experimental Design;Sampling;"Размер выборки; минимальное n; формула объема выборки; доверительная вероятность; ошибка оценки; MDE.";Когда необходимо определить необходимый объем выборки для достижения заданной точности или мощности исследования.;5;2026-07-16 00:00:00;5;3;YES
hypothesis_formulation;statistics;Hypothesis Testing;Foundations;"Нужно записать H₀ и H₁; определить, что проверяется.";Когда необходимо сформулировать нулевую и альтернативную гипотезы.;5;2026-07-16 00:00:00;5;3;YES
paired_t_test;statistics;Parametric Analysis;Paired Samples;"До/после; одни и те же объекты; парные наблюдения; повторные измерения; paired t-test.";Когда сравниваются средние двух зависимых выборок при выполнении предпосылок параметрических тестов;5;2026-07-16 00:00:00;5;3;YES
mcnemar_test;statistics;Categorical Analysis;Paired Categorical Tests;"До/после; бинарный исход; парные наблюдения; таблица 2×2.";Когда сравниваются две зависимые бинарные выборки.;4;2026-07-16 00:00:00;5;3;YES
multiple_paired_test_selection;statistics;Parametric Analysis;Multiple Paired Groups;Несколько измерений одной и той же группы, repeated measures.;Когда необходимо выбрать критерий для повторных измерений или нескольких зависимых выборок.;;2026-07-16 00:00:00;5;3;YES
independence_categorical_selection;statistics;Categorical Analysis;Independence Tests;Нужно решить между χ² и точным критерием Фишера.;Когда необходимо выбрать критерий для проверки независимости категориальных признаков.;;2026-07-16 00:00:00;20;3;YES
z_test_one_proportion;statistics;Parametric Analysis;One Sample Tests;"В условии сравнивается наблюдаемая доля с известным значением (например, конверсия, доля брака, CTR); одна выборка; проверяется гипотеза о доле.";Когда необходимо проверить гипотезу об одной доле или построить статистику для одной доли при достаточно большой выборке.;;2026-07-16 00:00:00;5;3;YES
ecdf;statistics;Descriptive Statistics;ECDF;"Нужно построить или интерпретировать ECDF; определить долю наблюдений меньше заданного значения.";Когда требуется проанализировать эмпирическое распределение данных.;3;2026-07-16 00:00:00;4;3;YES
summary_statistics;statistics;Descriptive Statistics;Summary Statistics;Требуется описать выборку: среднее, медиану, разброс, минимум, максимум, квартили.;Когда необходимо описать данные с помощью основных статистических характеристик.;5;2026-07-16 00:00:00;4;3;YES
parameter_vs_statistic;statistics;Estimation;Estimation Concepts;"Вопрос про отличие параметра и статистики; генеральная совокупность и выборка.";Когда необходимо различить параметры генеральной совокупности и статистики выборки.;5;2026-07-16 00:00:00;4;3;YES
statistical_power;statistics;Hypothesis Testing;Decision Making;Вопросы про мощность теста, вероятность ошибки II рода или размер выборки.;Когда необходимо оценить вероятность обнаружить существующий эффект.;4;2026-07-16 00:00:00;4;3;YES
pearson_correlation;statistics;Correlation;Correlation Mesuares;"Две количественные переменные; коэффициент корреляции r; линейная зависимость.";Когда необходимо оценить линейную связь между двумя количественными переменными.;5;2026-07-16 00:00:00;4;4;YES
tukey_test;statistics;Parametric Analysis;Post-hoc Tests;"Выполнена ANOVA; требуется попарное сравнение всех групп.";Когда после ANOVA необходимо определить, какие именно группы отличаются между собой.;3;2026-07-16 00:00:00;4;3;YES
mann_whitney_test;statistics;Nonparametric Analysis;Two Independent Samples;Две независимые группы, данные ненормальны или порядковая шкала.;Сравнение двух независимых выборок при нарушении нормальности.;5;2026-07-16 00:00:00;4;4;YES
wilcoxon_test;statistics;Nonparametric Analysis;Paired Samples;"До/после; зависимые выборки; ненормальные данные; критерий Уилкоксона";Когда сравниваются две зависимые выборки при нарушении нормальности.;5;2026-07-16 00:00:00;4;3;YES
fisher_exact_test;statistics;Categorical Analysis;Independence Tests;"Маленькая выборка; таблица 2×2; точный критерий Фишера; ожидаемые частоты <5; альтернатива χ².";Когда необходимо проверить зависимость между двумя категориальными признаками при малых выборках или малых ожидаемых частотах.;;2026-07-16 00:00:00;4;3;YES
nonparametric_post_hoc_test_selection;statistics;Nonparametric Analysis;Post-hoc Tests;"После значимого критерия Краскела—Уоллиса; требуется определить, какой post-hoc тест использовать; выбор между Dunn и другими непараметрическими post-hoc критериями.";Когда после значимого результата непараметрического теста для нескольких групп необходимо выбрать подходящий post-hoc критерий для попарных сравнений.;;2026-07-16 00:00:00;4;3;YES
dependent_vs_independent_samples;statistics;Experimental Design;Study Design;"До/после; одни и те же участники; повторные измерения; разные группы пользователей; независимые группы; paired/unpaired";Когда необходимо определить, являются ли выборки зависимыми или независимыми перед выбором статистического теста.;5;2026-07-16 00:00:00;3;3;YES
data_transformation;statistics;Hypothesis Testing;Advanced Topics;"Логарифмирование; стандартизация; нормализация; преобразование распределения; подготовка данных к тесту.";Когда данные необходимо преобразовать перед статистическим анализом.;4;2026-07-16 00:00:00;3;3;YES
significance_level;statistics;Hypothesis Testing;Foundations;В условии фигурирует α=0.05, вероятность ошибки первого рода, уровень значимости.;Когда требуется выбрать или интерпретировать уровень значимости α.;5;2026-07-16 00:00:00;3;3;YES
shapiro_test;statistics;Assumption Tests;Normality;"Перед выбором параметрического теста требуется проверить нормальность данных; тест Шапиро—Уилка.";Когда необходимо проверить нормальность распределения выборки.;5;2026-07-16 00:00:00;3;3;YES
correlation;theory;Dependence;Covariance;"Коэффициент корреляции; связь между признаками; линейная зависимость.";Когда необходимо оценить силу и направление линейной связи между величинами.;5;2026-07-16 00:00:00;4;2;YES
correlation_interpretation;theory;Dependence;Covariance;"Что означает корреляция 0.8; отрицательная корреляция; отсутствие линейной связи.";Когда необходимо интерпретировать значение коэффициента корреляции.;5;2026-07-16 00:00:00;3;6;YES
covariance;theory;Dependence;Covariance;"Ковариация; совместная изменчивость; Cov(X,Y).";Когда требуется вычислить ковариацию двух случайных величин.;4;2026-07-16 00:00:00;8;4;YES
normal_distribution;theory;Distributions;Continuous;"Нормальное распределение; колокол; среднее и стандартное отклонение.";Когда случайная величина распределена нормально или используется нормальное приближение.;5;2026-07-16 00:00:00;10;4;YES
uniform_distribution;theory;Distributions;Continuous;"Равномерное распределение; случайное значение из интервала.";Когда все значения на интервале равновероятны.;3;2026-07-16 00:00:00;7;4;YES
exponential_distribution;theory;Distributions;Continuous;"Время ожидания; до следующего события; интенсивность процесса.";Когда моделируется время ожидания следующего события в пуассоновском процессе.;4;2026-07-16 00:00:00;16;6;YES
chi_square_distribution;theory;Distributions;Continuous;"χ²-распределение; степени свободы; форма распределения; свойства χ²; связь со статистическими критериями.";Когда необходимо использовать или интерпретировать χ²-распределение, его свойства и применение в статистических критериях.;4;2026-07-16 00:00:00;4;3;YES
t_distribution;theory;Distributions;Continuous;"Маленькая выборка; неизвестна σ; t-распределение; доверительный интервал; t-тест.";Когда необходимо работать с выборочным средним при неизвестной дисперсии генеральной совокупности.;5;2026-07-16 00:00:00;2;3;YES
binomial;theory;Distributions;Discrete;"Несколько независимых испытаний; вероятность ровно k успехов; число успехов.";Когда рассматривается фиксированное число независимых испытаний Бернулли.;5;2026-07-16 00:00:00;7;5;YES
geometric;theory;Distributions;Discrete;"До первого успеха; первое успешное событие; сколько попыток потребуется.";Когда необходимо найти количество испытаний до первого успеха.;4;2026-07-16 00:00:00;9;3;YES
poisson;theory;Distributions;Discrete;"Редкие события; количество событий за час, день, километр и т.п.";Когда моделируется количество редких событий за фиксированный интервал времени или пространства.;5;2026-07-16 00:00:00;9;4;YES
bernoulli;theory;Distributions;Discrete;"Один опыт; успех/неудача; вероятность успеха.";Когда рассматривается одно испытание с двумя возможными исходами.;4;2026-07-16 00:00:00;0;4;YES
distribution_properties;theory;Distributions;Distribution Concepts;"Какое распределение подходит; сравнение распределений; свойства распределений.";Когда требуется сравнить свойства различных распределений или выбрать подходящее распределение.;4;2026-07-16 00:00:00;8;5;YES
distribution_concept;theory;Distributions;Distribution Concepts;"Что такое распределение; вероятность значений; закон распределения.";Когда требуется определить или объяснить понятие распределения случайной величины.;4;2026-07-16 00:00:00;12;2;YES
distribution_identification;theory;Distributions;Distribution Concepts;"Какое распределение использовать; определить распределение по ситуации.";Когда необходимо определить тип распределения по описанию, графику или условиям задачи.;4;2026-07-16 00:00:00;5;4;YES
cdf_interpretation;theory;Distributions;Distribution Functions;"Функция распределения F(x); вероятность меньше заданного значения; накопленная вероятность.";Когда требуется интерпретировать функцию распределения или вычислить вероятность через неё.;4;2026-07-16 00:00:00;2;4;YES
density_interpretation;theory;Distributions;Distribution Functions;В условии встречаются PDF, PMF, плотность вероятности, вероятность отдельного значения, площадь под кривой, вероятность через функцию плотности, вероятность дискретного значения.;Когда требуется интерпретировать функцию плотности вероятности (PDF) или функцию вероятности (PMF), объяснить их смысл или вычислить вероятность по графику/формуле распределения.;3;2026-07-16 00:00:00;4;1;YES
sigma_rule;theory;Distributions;Normal Distribution;"Правило трёх сигм; доля наблюдений в пределах σ, 2σ, 3σ.";Когда используется правило 68–95–99.7 для нормального распределения.;4;2026-07-16 00:00:00;5;1;YES
z_score;theory;Distributions;Normal Distribution;"Z-оценка; стандартизация; таблица нормального распределения.";Когда необходимо стандартизировать значение или найти вероятность по стандартному нормальному распределению.;5;2026-07-16 00:00:00;2;3;YES
portfolio_variance;theory;Expectation & Variance;Applications;"Два или более актива; риск портфеля; ковариация; корреляция.";Когда рассчитывается риск портфеля с учётом дисперсий и корреляции активов.;3;2026-07-16 00:00:00;9;2;YES
expectation;theory;Expectation & Variance;Expectation;"Среднее ожидаемое значение; математическое ожидание; ожидаемый выигрыш.";Когда требуется вычислить математическое ожидание случайной величины.;5;2026-07-16 00:00:00;6;3;YES
law_of_total_expectation;theory;Expectation & Variance;Expectation;"Закон полного математического ожидания; условное ожидание; несколько сценариев.";Когда математическое ожидание вычисляется через разбиение на случаи.;4;2026-07-16 00:00:00;1;6;YES
conditional_expectation;theory;Expectation & Variance;Expectation;"Условное математическое ожидание; E(X|Y).";Когда требуется вычислить математическое ожидание при известном условии.;4;2026-07-16 00:00:00;13;2;YES
chebyshev_inequality;theory;Expectation & Variance;Inequalities;"Неравенство Чебышёва; оценка вероятности; известны только ожидание и дисперсия.";Когда необходимо оценить вероятность отклонения без предположения о распределении.;2;2026-07-16 00:00:00;5;3;YES
expectation_variance;theory;Expectation & Variance;Variance;"Найти E(X) и Var(X); вычислить оба параметра распределения.";Когда необходимо одновременно использовать математическое ожидание и дисперсию.;5;2026-07-16 00:00:00;3;2;YES
variance;theory;Expectation & Variance;Variance;"Разброс; дисперсия; variance.";Когда требуется вычислить дисперсию случайной величины.;5;2026-07-16 00:00:00;3;3;YES
variance_properties;theory;Expectation & Variance;Variance;"Дисперсия суммы; умножение на константу; свойства дисперсии.";Когда применяются свойства дисперсии при преобразовании случайных величин.;4;2026-07-16 00:00:00;5;6;YES
classical_probability;theory;Probability;Basics;"Игральные кости, карты, монеты; ""какова вероятность""; все исходы равновозможны.";Когда требуется вычислить вероятность через отношение числа благоприятных исходов к числу всех равновозможных исходов.;5;2026-07-16 00:00:00;7;4;YES
combinatorics;theory;Probability;Basics;"Сколькими способами; выбрать; переставить; разместить; сочетания; перестановки.";Когда перед вычислением вероятности необходимо посчитать количество возможных комбинаций или размещений.;5;2026-07-16 00:00:00;5;3;YES
bayes;theory;Probability;Bayes;"Найти вероятность причины по известному результату; обратная вероятность; формула Байеса.";Когда необходимо пересчитать вероятность события после получения новой информации.;5;2026-07-16 00:00:00;19;8;YES
multistage_probability;theory;Probability;Bayes;"В условии есть несколько последовательных шагов: сначала выбирают объект, группу, урну, коробку, источник, затем выполняют следующее случайное действие; требуется учитывать дерево вероятностей или разбиение на случаи.";Когда вероятность вычисляется в несколько последовательных этапов, где результат каждого этапа влияет на последующие вероятности или выбор.;3;2026-07-16 00:00:00;4;3;YES
conditional_probability;theory;Probability;Conditional;"""Известно, что...""; вероятность при условии; после того как произошло другое событие.";Когда вероятность события зависит от того, что уже произошло другое событие.;5;2026-07-16 00:00:00;10;3;YES
independence;theory;Probability;Conditional;"Независимые события; одно событие не влияет на другое; проверить независимость.";Когда необходимо определить, являются ли события независимыми, или использовать свойство независимости при расчётах.;5;2026-07-16 00:00:00;6;5;YES
total_probability;theory;Probability;Conditional;"Полная вероятность; несколько сценариев; разбиение на случаи.";Когда событие может произойти несколькими взаимоисключающими способами.;5;2026-07-16 00:00:00;1;6;YES
kendall_correlation;statistics;Correlation;Correlation Mesuares;"Коэффициент τ Кендалла; ранговые данные; небольшая выборка.";Когда требуется оценить ранговую корреляцию на небольших выборках или при большом числе совпадающих рангов.;3;2026-07-16 00:00:00;3;3;YES
welch_test;statistics;Parametric Analysis;Two Independent Samples;"Две группы; нормальность соблюдается; дисперсии различаются.";Когда сравниваются средние двух независимых групп при неравенстве дисперсий.;5;2026-07-16 00:00:00;3;3;YES
repeated_measures_anova;statistics;Parametric Analysis;Multiple Paired Groups;"Повторные измерения; одни и те же участники; repeated measures ANOVA";Когда сравниваются средние трех и более зависимых выборок при выполнении предпосылок параметрических тестов.;4;2026-07-16 00:00:00;3;3;YES
bartlett_test;statistics;Assumption Tests;Homogeneity of Variance;"Проверка гомогенности дисперсий; несколько групп; предпосылки ANOVA.";Когда необходимо проверить равенство дисперсий нескольких групп.;3;2026-07-16 00:00:00;3;3;YES
cochran_q_test;statistics;Categorical Analysis;Paired Categorical Tests;"Несколько связанных бинарных измерений; критерий Q Кохрена.";Когда сравниваются три и более зависимые бинарные выборки.;3;2026-07-16 00:00:00;3;3;YES
kruskal_wallis_test;statistics;Nonparametric Analysis;Multiple Independent Groups;Несколько независимых групп, ненормальные данные.;Сравнение трёх и более независимых выборок при нарушении нормальности.;5;2026-07-16 00:00:00;3;3;YES
friedman_test;statistics;Nonparametric Analysis;Multiple Paired Groups;"Повторные измерения; несколько зависимых выборок; критерий Фридмана.";Когда сравниваются три и более зависимые выборки при нарушении нормальности.;4;2026-07-16 00:00:00;3;3;YES
sign_test;statistics;Nonparametric Analysis;Paired Samples;"G-критерий; критерий знаков; анализ только направления изменения.";Когда необходимо сравнить две зависимые выборки, используя только знак изменения без учета величины различий.;2;2026-07-16 00:00:00;3;3;YES
point_estimation;statistics;Estimation;Point Estimation;Нужно оценить среднее, вероятность или другой параметр выборкой.;Когда требуется оценить неизвестный параметр одним числом.;5;2026-07-16 00:00:00;2;3;YES
two_sample_t_test;statistics;Parametric Analysis;Two Independent Samples;"Две независимые группы; сравнение средних; классический t-тест.";Когда сравниваются средние двух независимых выборок при выполнении предпосылок.;5;2026-07-16 00:00:00;2;3;YES
alexander_govern_test;statistics;Parametric Analysis;Multiple Independent Groups;"Более двух групп; неодинаковые дисперсии; альтернатива классической ANOVA.";Когда сравниваются несколько групп при нарушении предпосылки равенства дисперсий.;1;2026-07-16 00:00:00;2;3;YES
dunnett_test;statistics;Parametric Analysis;Post-hoc Tests;"Есть контрольная группа; сравнение ""каждая против контроля"".";Когда необходимо сравнить несколько групп только с одной контрольной группой.;2;2026-07-16 00:00:00;2;3;YES
fisher_f_test;statistics;Assumption Tests;Homogeneity of Variance;"F-критерий Фишера; сравнение дисперсий двух выборок; нормальность распределения; отношение дисперсий; предпосылки t-теста.";Когда необходимо проверить равенство дисперсий двух нормально распределённых выборок перед выбором параметрического теста.;4;2026-07-16 00:00:00;2;3;YES
levene_test;statistics;Assumption Tests;Homogeneity of Variance;"Проверка гомогенности дисперсий; сравнение нескольких групп; выбор между классическим t-тестом, Welch или ANOVA.";Когда необходимо проверить равенство дисперсий перед выбором параметрического теста.;5;2026-07-16 00:00:00;2;3;YES
outliers;statistics;Descriptive Statistics;Z-score For Outliers;"В условии есть аномальные наблюдения; требуется определить выбросы или решить, как их обработать.";Когда необходимо обнаружить или оценить влияние выбросов.;5;2026-07-16 00:00:00;1;4;YES
effect_size;statistics;Hypothesis Testing;Decision Making;Требуется оценить силу эффекта, а не только статистическую значимость.;Когда необходимо оценить практическую значимость различий.;4;2026-07-16 00:00:00;1;5;YES
chi_square_goodness_of_fit;statistics;Categorical Analysis;Goodness of Fit;"Проверка соответствия ожидаемому распределению; критерий согласия χ².";Когда необходимо проверить соответствие наблюдаемого распределения ожидаемому.;4;2026-07-16 00:00:00;1;3;YES
dunn_test;statistics;Nonparametric Analysis;Post-hoc Tests;"После Kruskal–Wallis; попарные сравнения между группами; критерий Данна; часто совместно с поправкой Бонферрони или Holm.";Когда после значимого результата критерия Краскела—Уоллиса необходимо определить, какие именно группы отличаются между собой.;4;2026-07-16 00:00:00;1;3;YES
scheffe_test;statistics;Parametric Analysis;Post-hoc Tests;"Scheffé; post-hoc; ANOVA; множественные сравнения; все попарные сравнения; контроль ошибки I рода.";Когда после значимого результата ANOVA необходимо выполнить попарные сравнения всех групп с контролем семейной вероятности ошибки, особенно если сравнения не были заранее запланированы.;;2026-07-16 00:00:00;1;3;YES
binomial_test;statistics;Parametric Analysis;One Sample Tests;Когда требуется проверить гипотезу о вероятности успеха для одной бинарной выборки с использованием точного биномиального распределения. Обычно применяется при небольшом объёме выборки или нарушении условий нормального приближения.;"Честная монета; вероятность успеха; число успехов из n испытаний; одна бинарная выборка; малый объём выборки; exact binomial test; проверка гипотезы о доле без нормального приближения.";;2026-07-16 00:00:00;1;3;YES
categorical_descriptive_statistics;statistics;Categorical Analysis;Descriptive Statistics;"Частоты; доли; таблицы сопряженности; категориальные признаки.";Когда требуется описать категориальные данные.;4;2026-07-16 00:00:00;0;3;YES
z_score_interpretation;statistics;Descriptive Statistics;Z-score For Outliers;"Нужно интерпретировать Z-score; определить выброс или необычное значение.";Когда необходимо оценить, насколько наблюдение отличается от среднего.;4;2026-07-16 00:00:00;0;3;YES
kolmogorov_smirnov_test;statistics;Assumption Tests;Normality;Нужно проверить различие формы распределений, а не только средних/медиан.;Сравнение распределений или проверка соответствия распределению.;3;2026-07-16 00:00:00;0;3;YES
anderson_darling_test;statistics;Assumption Tests;Normality;Вопросы про альтернативы Шапиро–Уилка или анализ хвостов распределения.;Проверка нормальности с высокой чувствительностью к хвостам распределения.;2;2026-07-16 00:00:00;0;3;YES
fligner_killeen;statistics;Assumption Tests;Homogeneity of Variance;"Робастная проверка дисперсий; несколько групп; ненормальные данные; альтернатива Levene и Bartlett; Fligner–Killeen.";Когда необходимо проверить равенство дисперсий нескольких групп без предположения о нормальности распределения.;;2026-07-16 00:00:00;0;3;YES
union_vs_union_all;sql;SQL Theory;Set Operations;"Объединение результатов нескольких запросов; сравнение UNION и UNION ALL; удаление или сохранение дубликатов; производительность операций объединения.";Когда необходимо выбрать между UNION и UNION ALL или объяснить различия их работы и влияния на производительность.;;;1;3;YES
cte_subquery;sql;SQL Theory;Query Structure;"Подзапросы, CTE (WITH), коррелированные подзапросы; сравнение способов организации промежуточных вычислений; повторное использование результатов запроса.";Когда необходимо использовать или выбрать между подзапросом, коррелированным подзапросом и CTE, либо объяснить различия между этими подходами.;;;2;3;YES
funnel;sql;Product Analytics;Funnel Analysis;"Последовательность этапов пользовательского пути; расчёт количества пользователей на каждом шаге; конверсии между этапами; анализ прохождения воронки.";Когда необходимо построить воронку, посчитать конверсии между этапами или проанализировать потери пользователей на каждом шаге.;;;1;4;YES
data_modification;sql;Data Handling;Data Modification;"UPDATE, DELETE, INSERT; изменение существующих данных; удаление строк; массовое обновление; условное обновление; операции модификации данных.";Когда необходимо изменить содержимое таблицы с помощью операторов UPDATE, DELETE или INSERT, используя условия, подзапросы или другие конструкции SQL.;;;4;4;YES
database_normalization;sql;SQL Theory;Data Modeling;"Нормализация; 1NF, 2NF, 3NF; избыточность данных; аномалии вставки, обновления и удаления; денормализация; повторяющиеся группы; проектирование таблиц.";Когда необходимо объяснить принципы нормализации базы данных, определить нарушения нормальных форм или привести пример нормализованной/ненормализованной структуры данных.;;;1;3;YES
transactions_acid;sql;SQL Theory;Transactions;"Транзакции; ACID; COMMIT; ROLLBACK; атомарность; согласованность; изолированность; долговечность; управление транзакциями.";Когда необходимо объяснить принципы работы транзакций, свойства ACID, назначение COMMIT и ROLLBACK или гарантии целостности данных при выполнении нескольких операций.;;;1;3;YES
